bookId-chunkNo,F0,F1,F2,F3,F4,F5,F6,F7,F8,F9,F10,F11,F12,F13,F14,F15,F16,F17,F18,F19,F20,F21,F22,F23,F24_x,F25_x,F26_x,F27_x,F28_x,F29_x,F30_x,F31_x,F24_y,F25_y,F26_y,F27_y,F28_y,F29_y,F30_y,F31_y,F32,F33
pg11-1,0.0131,0.0231,0.3112,0.0901,0.0137,0.0254,0.0384,0.0706,0.0192,0.0064,0.0061,0.0075,0.0235,0.129,0.0499,0.0458,0.2308,0.1538,0.6154,0.7965,0.4081,0.7918,-0.28301832,0.47229367,0.16390836,0.013837713,0.17332262,-0.26912808,0.009894809000000001,-0.11349026,0.027735798,-0.17276992,0.8552886,0.8577738,1.1216254,-0.09325718,0.08189694,-0.07284298,0.022657102,0.12628864,-0.11642656,9.482652e-08
pg11-3,0.0285,0.1276,0.2271,0.0713,0.0178,0.0277,0.0292,0.0717,0.0343,0.0073,0.0039,0.0085,0.0129,0.1206,-0.0226,0.0831,0.359,0.1282,0.5128,0.7935,0.473,0.7918,-0.28301832,0.47229367,0.16390836,0.013837713,0.17332262,-0.26912808,0.009894809000000001,-0.11349026,0.027735798,-0.17276992,0.8552886,0.8577738,1.1216254,-0.09325718,0.08189694,-0.07284298,0.022657102,0.12628864,-0.11642656,9.482652e-08
pg11-2,0.0266,0.0617,0.2095,0.0847,0.0141,0.0257,0.032,0.0677,0.0324,0.0067,0.0073,0.0051,0.013000000000000001,0.1188,-0.0201,0.07400000000000001,0.4615,0.0769,0.4615,0.7989,0.5229,0.7918,-0.28301832,0.47229367,0.16390836,0.013837713,0.17332262,-0.26912808,0.009894809000000001,-0.11349026,0.027735798,-0.17276992,0.8552886,0.8577738,1.1216254,-0.09325718,0.08189694,-0.07284298,0.022657102,0.12628864,-0.11642656,9.482652e-08
pg54-2,0.0296,0.3108,0.0463,0.06,0.0243,0.0185,0.0329,0.0555,0.0422,0.0019,0.0055,0.0027,0.0102,0.0985,-0.0879,0.0618,0.2424,0.1818,0.5758,0.7132,0.6309,0.3403,-0.039747324,0.10330222,-0.06190865,-0.012813148,-0.003649972,-0.13101767,-0.00265885,0.018004514,-0.052213583,0.04281797,-0.58878964,1.3288051,-0.76919484,0.21187724,-0.24941006,-0.0052653453,-0.043743953,0.1517537,-0.026733387,9.482652e-08
pg54-1,0.0297,0.33299999999999996,0.1035,0.0719,0.017,0.0201,0.039,0.0612,0.0407,0.0023,0.0073,0.0019,0.0085,0.1117,-0.0597,0.0584,0.1212,0.2121,0.6667,0.7603,0.6505,0.3403,-0.039747324,0.10330222,-0.06190865,-0.012813148,-0.003649972,-0.13101767,-0.00265885,0.018004514,-0.052213583,0.04281797,-0.58878964,1.3288051,-0.76919484,0.21187724,-0.24941006,-0.0052653453,-0.043743953,0.1517537,-0.026733387,9.482652e-08
pg54-5,0.0237,0.1037,0.2051,0.0612,0.022000000000000002,0.0189,0.0355,0.0566,0.0379,0.0011,0.0073,0.003,0.006999999999999999,0.1035,0.0176,0.0517,0.0909,0.2121,0.6970000000000001,0.6611,0.5002,0.3403,-0.039747324,0.10330222,-0.06190865,-0.012813148,-0.003649972,-0.13101767,-0.00265885,0.018004514,-0.052213583,0.04281797,-0.58878964,1.3288051,-0.76919484,0.21187724,-0.24941006,-0.0052653453,-0.043743953,0.1517537,-0.026733387,9.482652e-08
pg54-4,0.0285,0.1884,0.0303,0.0626,0.0165,0.0181,0.0314,0.0568,0.0437,0.0012,0.0069,0.0017,0.009000000000000001,0.098,-0.0851,0.0686,0.2121,0.2121,0.5758,0.7191,0.5412,0.3403,-0.039747324,0.10330222,-0.06190865,-0.012813148,-0.003649972,-0.13101767,-0.00265885,0.018004514,-0.052213583,0.04281797,-0.58878964,1.3288051,-0.76919484,0.21187724,-0.24941006,-0.0052653453,-0.043743953,0.1517537,-0.026733387,9.482652e-08
pg54-3,0.0272,0.1877,0.055999999999999994,0.0645,0.0266,0.0183,0.0347,0.0575,0.0397,0.0013,0.0063,0.0025,0.0071,0.1023,-0.0305,0.0612,0.2121,0.4242,0.3636,0.6379,0.5598,0.3403,-0.039747324,0.10330222,-0.06190865,-0.012813148,-0.003649972,-0.13101767,-0.00265885,0.018004514,-0.052213583,0.04281797,-0.58878964,1.3288051,-0.76919484,0.21187724,-0.24941006,-0.0052653453,-0.043743953,0.1517537,-0.026733387,9.482652e-08
pg78-1,0.0232,0.3307,0.0761,0.0632,0.0248,0.0216,0.0401,0.057,0.0322,0.0006,0.0025,0.0026,0.0015,0.1028,0.2151,0.0207,0.2,0.175,0.625,0.6097,0.4514,0.2315,-0.11215835,0.10998845,-0.34026766,0.10367395,0.07149049,-0.015818372,0.17030092,-0.11080439,0.071930915,0.24083507,1.3672564,-0.29642418,-0.8866513,-0.27136546,-0.25185505,0.071078956,0.027983623,-0.071103714,-0.07218217,9.482647e-08
pg78-2,0.0227,0.5591,0.14,0.0519,0.0319,0.0223,0.0428,0.055,0.0311,0.0001,0.0039,0.0026,0.0008,0.1045,0.2877,0.0014,0.075,0.175,0.75,0.5906,0.7618,0.2315,-0.11215835,0.10998845,-0.34026766,0.10367395,0.07149049,-0.015818372,0.17030092,-0.11080439,0.071930915,0.24083507,1.3672564,-0.29642418,-0.8866513,-0.27136546,-0.25185505,0.071078956,0.027983623,-0.071103714,-0.07218217,9.482647e-08
pg161-10,0.0102,0.1737,0.2335,0.0859,0.031,0.0257,0.035,0.0696,0.0279,0.0002,0.0133,0.0093,0.0075,0.1274,0.1191,0.0198,0.15,0.2,0.65,0.6366,0.5361,0.1564,0.2903073,-0.032845248,0.015993056999999998,-0.036758587,-0.07452328,-0.039565515,-0.15948679999999998,0.10002729,0.004387907,-0.01692487,-0.4539938,-0.5530554,-0.056680255,-0.56066525,0.07764062,-0.4598445,0.17951797,0.5445179,-0.11964901,9.482655e-08
pg161-13,0.0105,0.1533,0.2477,0.0786,0.0421,0.0249,0.0348,0.0755,0.0307,0.0003,0.0091,0.0195,0.005,0.1392,0.1159,0.0177,0.15,0.2,0.65,0.5842,0.4602,0.1564,0.2903073,-0.032845248,0.015993056999999998,-0.036758587,-0.07452328,-0.039565515,-0.15948679999999998,0.10002729,0.004387907,-0.01692487,-0.4539938,-0.5530554,-0.056680255,-0.56066525,0.07764062,-0.4598445,0.17951797,0.5445179,-0.11964901,9.482655e-08
pg161-14,0.0115,0.2728,0.281,0.0649,0.0347,0.0304,0.0395,0.0764,0.0251,0.0005,0.012,0.0114,0.0019,0.1398,0.3229,0.0127,0.35,0.05,0.6,0.48100000000000004,0.4836,0.1564,0.2903073,-0.032845248,0.015993056999999998,-0.036758587,-0.07452328,-0.039565515,-0.15948679999999998,0.10002729,0.004387907,-0.01692487,-0.4539938,-0.5530554,-0.056680255,-0.56066525,0.07764062,-0.4598445,0.17951797,0.5445179,-0.11964901,9.482655e-08
pg161-11,0.0131,0.1745,0.2164,0.0899,0.0293,0.0224,0.0283,0.0707,0.0287,0.0004,0.0114,0.0165,0.0088,0.1273,0.1112,0.0244,0.35,0.25,0.4,0.6326,0.4706,0.1564,0.2903073,-0.032845248,0.015993056999999998,-0.036758587,-0.07452328,-0.039565515,-0.15948679999999998,0.10002729,0.004387907,-0.01692487,-0.4539938,-0.5530554,-0.056680255,-0.56066525,0.07764062,-0.4598445,0.17951797,0.5445179,-0.11964901,9.482655e-08
pg161-12,0.0101,0.1242,0.3801,0.0637,0.0418,0.0311,0.0362,0.0841,0.0253,0.0003,0.0103,0.0162,0.0042,0.1471,0.2408,0.0136,0.0,0.35,0.65,0.5202,0.4517,0.1564,0.2903073,-0.032845248,0.015993056999999998,-0.036758587,-0.07452328,-0.039565515,-0.15948679999999998,0.10002729,0.004387907,-0.01692487,-0.4539938,-0.5530554,-0.056680255,-0.56066525,0.07764062,-0.4598445,0.17951797,0.5445179,-0.11964901,9.482655e-08
pg161-8,0.0116,0.1384,0.3233,0.0799,0.0364,0.0278,0.0328,0.0768,0.0279,0.0005,0.0107,0.0062,0.0068,0.127,0.1548,0.0199,0.25,0.3,0.45,0.5879,0.5684,0.1564,0.2903073,-0.032845248,0.015993056999999998,-0.036758587,-0.07452328,-0.039565515,-0.15948679999999998,0.10002729,0.004387907,-0.01692487,-0.4539938,-0.5530554,-0.056680255,-0.56066525,0.07764062,-0.4598445,0.17951797,0.5445179,-0.11964901,9.482655e-08
pg161-9,0.0143,0.1264,0.3195,0.0729,0.0307,0.0258,0.0356,0.0677,0.0288,0.0007,0.0132,0.009000000000000001,0.0048,0.1262,0.1424,0.0192,0.05,0.5,0.45,0.5774,0.4492,0.1564,0.2903073,-0.032845248,0.015993056999999998,-0.036758587,-0.07452328,-0.039565515,-0.15948679999999998,0.10002729,0.004387907,-0.01692487,-0.4539938,-0.5530554,-0.056680255,-0.56066525,0.07764062,-0.4598445,0.17951797,0.5445179,-0.11964901,9.482655e-08
pg161-1,0.0098,0.263,0.2323,0.0735,0.0436,0.0245,0.0353,0.062,0.0336,0.0014,0.012,0.0039,0.0053,0.1146,0.0887,0.0156,0.2,0.05,0.75,0.59,0.4274,0.1564,0.2903073,-0.032845248,0.015993056999999998,-0.036758587,-0.07452328,-0.039565515,-0.15948679999999998,0.10002729,0.004387907,-0.01692487,-0.4539938,-0.5530554,-0.056680255,-0.56066525,0.07764062,-0.4598445,0.17951797,0.5445179,-0.11964901,9.482655e-08
pg161-2,0.0111,0.3211,0.2425,0.0616,0.039,0.0269,0.039,0.0623,0.0307,0.0001,0.0108,0.0014,0.0019,0.1136,0.1494,0.0195,0.2,0.2,0.6,0.5288,0.4762,0.1564,0.2903073,-0.032845248,0.015993056999999998,-0.036758587,-0.07452328,-0.039565515,-0.15948679999999998,0.10002729,0.004387907,-0.01692487,-0.4539938,-0.5530554,-0.056680255,-0.56066525,0.07764062,-0.4598445,0.17951797,0.5445179,-0.11964901,9.482655e-08
pg161-3,0.0186,0.168,0.187,0.0865,0.028999999999999998,0.026000000000000002,0.0315,0.061,0.0357,0.0003,0.0117,0.0036,0.0053,0.1081,0.0192,0.0351,0.1,0.1,0.8,0.6391,0.4647,0.1564,0.2903073,-0.032845248,0.015993056999999998,-0.036758587,-0.07452328,-0.039565515,-0.15948679999999998,0.10002729,0.004387907,-0.01692487,-0.4539938,-0.5530554,-0.056680255,-0.56066525,0.07764062,-0.4598445,0.17951797,0.5445179,-0.11964901,9.482655e-08
pg161-4,0.0181,0.1628,0.2091,0.0824,0.03,0.0288,0.0353,0.0701,0.0358,0.0002,0.0092,0.0051,0.0081,0.1199,-0.006,0.0404,0.2,0.25,0.55,0.665,0.5116,0.1564,0.2903073,-0.032845248,0.015993056999999998,-0.036758587,-0.07452328,-0.039565515,-0.15948679999999998,0.10002729,0.004387907,-0.01692487,-0.4539938,-0.5530554,-0.056680255,-0.56066525,0.07764062,-0.4598445,0.17951797,0.5445179,-0.11964901,9.482655e-08
pg161-5,0.0135,0.1725,0.2283,0.091,0.0325,0.0261,0.0335,0.0644,0.0286,0.0004,0.0126,0.006,0.0059,0.1169,0.1159,0.0299,0.25,0.25,0.5,0.6082,0.5675,0.1564,0.2903073,-0.032845248,0.015993056999999998,-0.036758587,-0.07452328,-0.039565515,-0.15948679999999998,0.10002729,0.004387907,-0.01692487,-0.4539938,-0.5530554,-0.056680255,-0.56066525,0.07764062,-0.4598445,0.17951797,0.5445179,-0.11964901,9.482655e-08
pg161-6,0.0132,0.0735,0.2672,0.0748,0.03,0.0299,0.0332,0.0646,0.0269,0.0005,0.0107,0.002,0.0048,0.111,0.1971,0.0252,0.05,0.15,0.8,0.5547,0.598,0.1564,0.2903073,-0.032845248,0.015993056999999998,-0.036758587,-0.07452328,-0.039565515,-0.15948679999999998,0.10002729,0.004387907,-0.01692487,-0.4539938,-0.5530554,-0.056680255,-0.56066525,0.07764062,-0.4598445,0.17951797,0.5445179,-0.11964901,9.482655e-08
pg161-7,0.0132,0.1214,0.2865,0.0815,0.033,0.0252,0.0339,0.0748,0.027999999999999997,0.0007,0.0087,0.0066,0.0077,0.1247,0.0746,0.023,0.35,0.1,0.55,0.6341,0.5725,0.1564,0.2903073,-0.032845248,0.015993056999999998,-0.036758587,-0.07452328,-0.039565515,-0.15948679999999998,0.10002729,0.004387907,-0.01692487,-0.4539938,-0.5530554,-0.056680255,-0.56066525,0.07764062,-0.4598445,0.17951797,0.5445179,-0.11964901,9.482655e-08
pg158-10,0.0149,0.136,0.136,0.0884,0.0175,0.0218,0.0329,0.0585,0.0439,0.0002,0.0131,0.0149,0.0113,0.1196,-0.0799,0.0304,0.3333,0.1667,0.5,0.7485,0.3392,0.1682,0.13215391,-0.1984808,0.05761533,0.101525374,-0.017468436,0.09650505,0.023242622999999997,0.016799577,0.04465871,0.10245903599999999,-0.3996259,-0.38996187,0.3076757,-0.19056684,-0.31032857,0.8119285,-0.15240365,0.21026869,-0.039656118,9.482643e-08
pg158-18,0.0083,0.1394,0.2578,0.0871,0.0277,0.0239,0.0312,0.066,0.0367,0.0014,0.0132,0.0236,0.0068,0.1354,0.0282,0.0136,0.2083,0.2083,0.5833,0.6472,0.2736,0.1682,0.13215391,-0.1984808,0.05761533,0.101525374,-0.017468436,0.09650505,0.023242622999999997,0.016799577,0.04465871,0.10245903599999999,-0.3996259,-0.38996187,0.3076757,-0.19056684,-0.31032857,0.8119285,-0.15240365,0.21026869,-0.039656118,9.482643e-08
pg158-17,0.0079,0.2152,0.3623,0.0827,0.0288,0.0235,0.0323,0.0702,0.0326,0.0005,0.0119,0.0256,0.0064,0.1405,0.0706,0.0152,0.375,0.125,0.5,0.6213,0.5826,0.1682,0.13215391,-0.1984808,0.05761533,0.101525374,-0.017468436,0.09650505,0.023242622999999997,0.016799577,0.04465871,0.10245903599999999,-0.3996259,-0.38996187,0.3076757,-0.19056684,-0.31032857,0.8119285,-0.15240365,0.21026869,-0.039656118,9.482643e-08
pg158-16,0.0128,0.1748,0.2729,0.0837,0.0244,0.0241,0.0326,0.0646,0.0362,0.0007,0.0108,0.023,0.0084,0.1317,-0.0149,0.0269,0.25,0.125,0.625,0.6774,0.5347,0.1682,0.13215391,-0.1984808,0.05761533,0.101525374,-0.017468436,0.09650505,0.023242622999999997,0.016799577,0.04465871,0.10245903599999999,-0.3996259,-0.38996187,0.3076757,-0.19056684,-0.31032857,0.8119285,-0.15240365,0.21026869,-0.039656118,9.482643e-08
pg158-15,0.0131,0.0926,0.2525,0.0904,0.0197,0.0248,0.036000000000000004,0.066,0.0435,0.0007,0.0118,0.0196,0.0079,0.1341,-0.0527,0.0293,0.2083,0.2083,0.5833,0.7283,0.5037,0.1682,0.13215391,-0.1984808,0.05761533,0.101525374,-0.017468436,0.09650505,0.023242622999999997,0.016799577,0.04465871,0.10245903599999999,-0.3996259,-0.38996187,0.3076757,-0.19056684,-0.31032857,0.8119285,-0.15240365,0.21026869,-0.039656118,9.482643e-08
pg158-14,0.012,0.1725,0.1707,0.0889,0.0224,0.0218,0.0377,0.0619,0.0375,0.0016,0.0094,0.0208,0.0091,0.1314,-0.0129,0.0243,0.2083,0.2083,0.5833,0.6749,0.4911,0.1682,0.13215391,-0.1984808,0.05761533,0.101525374,-0.017468436,0.09650505,0.023242622999999997,0.016799577,0.04465871,0.10245903599999999,-0.3996259,-0.38996187,0.3076757,-0.19056684,-0.31032857,0.8119285,-0.15240365,0.21026869,-0.039656118,9.482643e-08
pg158-13,0.0105,0.2084,0.2245,0.0806,0.0245,0.0207,0.036000000000000004,0.0591,0.0397,0.0016,0.0105,0.0208,0.0112,0.128,-0.0543,0.0157,0.2917,0.25,0.4583,0.7063,0.648,0.1682,0.13215391,-0.1984808,0.05761533,0.101525374,-0.017468436,0.09650505,0.023242622999999997,0.016799577,0.04465871,0.10245903599999999,-0.3996259,-0.38996187,0.3076757,-0.19056684,-0.31032857,0.8119285,-0.15240365,0.21026869,-0.039656118,9.482643e-08
pg158-12,0.0147,0.1295,0.196,0.0872,0.024,0.0223,0.0327,0.0583,0.0386,0.0003,0.0101,0.0163,0.0089,0.1177,-0.0139,0.0304,0.125,0.375,0.5,0.6892,0.688,0.1682,0.13215391,-0.1984808,0.05761533,0.101525374,-0.017468436,0.09650505,0.023242622999999997,0.016799577,0.04465871,0.10245903599999999,-0.3996259,-0.38996187,0.3076757,-0.19056684,-0.31032857,0.8119285,-0.15240365,0.21026869,-0.039656118,9.482643e-08
pg158-11,0.0119,0.1318,0.222,0.0844,0.0264,0.0217,0.0359,0.0586,0.0389,0.0003,0.0136,0.0151,0.0114,0.1235,-0.0297,0.023,0.25,0.3333,0.4167,0.6732,0.5811,0.1682,0.13215391,-0.1984808,0.05761533,0.101525374,-0.017468436,0.09650505,0.023242622999999997,0.016799577,0.04465871,0.10245903599999999,-0.3996259,-0.38996187,0.3076757,-0.19056684,-0.31032857,0.8119285,-0.15240365,0.21026869,-0.039656118,9.482643e-08
pg158-19,0.0134,0.19399999999999998,0.2233,0.0908,0.025,0.0251,0.0336,0.0645,0.038,0.0007,0.0108,0.0214,0.0086,0.1311,-0.0256,0.0281,0.2083,0.0417,0.75,0.6971,0.4422,0.1682,0.13215391,-0.1984808,0.05761533,0.101525374,-0.017468436,0.09650505,0.023242622999999997,0.016799577,0.04465871,0.10245903599999999,-0.3996259,-0.38996187,0.3076757,-0.19056684,-0.31032857,0.8119285,-0.15240365,0.21026869,-0.039656118,9.482643e-08
pg158-8,0.0106,0.2588,0.2324,0.0757,0.0263,0.0267,0.036000000000000004,0.0624,0.0317,0.0011,0.0157,0.0119,0.0031,0.1271,0.1272,0.0198,0.0833,0.2917,0.625,0.6096,0.4492,0.1682,0.13215391,-0.1984808,0.05761533,0.101525374,-0.017468436,0.09650505,0.023242622999999997,0.016799577,0.04465871,0.10245903599999999,-0.3996259,-0.38996187,0.3076757,-0.19056684,-0.31032857,0.8119285,-0.15240365,0.21026869,-0.039656118,9.482643e-08
pg158-9,0.0144,0.1782,0.2223,0.0881,0.023,0.0228,0.037000000000000005,0.0588,0.0394,0.0003,0.0138,0.0136,0.008,0.1235,-0.006999999999999999,0.0268,0.1667,0.2083,0.625,0.6954,0.4734,0.1682,0.13215391,-0.1984808,0.05761533,0.101525374,-0.017468436,0.09650505,0.023242622999999997,0.016799577,0.04465871,0.10245903599999999,-0.3996259,-0.38996187,0.3076757,-0.19056684,-0.31032857,0.8119285,-0.15240365,0.21026869,-0.039656118,9.482643e-08
pg158-1,0.0097,0.255,0.3003,0.0656,0.0293,0.0223,0.0451,0.0649,0.0318,0.0013,0.0116,0.006999999999999999,0.0049,0.1299,0.1191,0.013999999999999999,0.25,0.2083,0.5417,0.6192,0.6157,0.1682,0.13215391,-0.1984808,0.05761533,0.101525374,-0.017468436,0.09650505,0.023242622999999997,0.016799577,0.04465871,0.10245903599999999,-0.3996259,-0.38996187,0.3076757,-0.19056684,-0.31032857,0.8119285,-0.15240365,0.21026869,-0.039656118,9.482643e-08
pg158-2,0.0133,0.1442,0.2153,0.0878,0.0218,0.0195,0.0354,0.057,0.0395,0.0008,0.0119,0.0105,0.0085,0.1156,-0.0288,0.0296,0.25,0.125,0.625,0.7023,0.307,0.1682,0.13215391,-0.1984808,0.05761533,0.101525374,-0.017468436,0.09650505,0.023242622999999997,0.016799577,0.04465871,0.10245903599999999,-0.3996259,-0.38996187,0.3076757,-0.19056684,-0.31032857,0.8119285,-0.15240365,0.21026869,-0.039656118,9.482643e-08
pg158-3,0.0145,0.2089,0.2106,0.09,0.0268,0.0209,0.037000000000000005,0.0629,0.0394,0.0005,0.0113,0.0098,0.0083,0.1215,-0.0297,0.0264,0.125,0.2083,0.6667,0.6988,0.3283,0.1682,0.13215391,-0.1984808,0.05761533,0.101525374,-0.017468436,0.09650505,0.023242622999999997,0.016799577,0.04465871,0.10245903599999999,-0.3996259,-0.38996187,0.3076757,-0.19056684,-0.31032857,0.8119285,-0.15240365,0.21026869,-0.039656118,9.482643e-08
pg158-4,0.0141,0.1712,0.175,0.0784,0.025,0.022000000000000002,0.0421,0.064,0.0334,0.0006,0.0127,0.0116,0.009000000000000001,0.131,0.0473,0.027999999999999997,0.0833,0.2083,0.7083,0.6659999999999999,0.5286,0.1682,0.13215391,-0.1984808,0.05761533,0.101525374,-0.017468436,0.09650505,0.023242622999999997,0.016799577,0.04465871,0.10245903599999999,-0.3996259,-0.38996187,0.3076757,-0.19056684,-0.31032857,0.8119285,-0.15240365,0.21026869,-0.039656118,9.482643e-08
pg158-5,0.0114,0.2579,0.2273,0.0735,0.0277,0.0254,0.0384,0.062,0.0285,0.0019,0.0135,0.0114,0.0049,0.1272,0.1714,0.0219,0.2083,0.25,0.5417,0.6174,0.6458,0.1682,0.13215391,-0.1984808,0.05761533,0.101525374,-0.017468436,0.09650505,0.023242622999999997,0.016799577,0.04465871,0.10245903599999999,-0.3996259,-0.38996187,0.3076757,-0.19056684,-0.31032857,0.8119285,-0.15240365,0.21026869,-0.039656118,9.482643e-08
pg158-6,0.0102,0.2379,0.2645,0.077,0.0285,0.0243,0.0392,0.0621,0.0288,0.0012,0.0133,0.0131,0.0073,0.1289,0.1407,0.0156,0.2917,0.0833,0.625,0.6095,0.4015,0.1682,0.13215391,-0.1984808,0.05761533,0.101525374,-0.017468436,0.09650505,0.023242622999999997,0.016799577,0.04465871,0.10245903599999999,-0.3996259,-0.38996187,0.3076757,-0.19056684,-0.31032857,0.8119285,-0.15240365,0.21026869,-0.039656118,9.482643e-08
pg158-7,0.0097,0.141,0.2977,0.078,0.0241,0.021,0.0401,0.0674,0.0305,0.0015,0.0146,0.0173,0.0092,0.1409,0.0802,0.0198,0.0417,0.2083,0.75,0.6568,0.483,0.1682,0.13215391,-0.1984808,0.05761533,0.101525374,-0.017468436,0.09650505,0.023242622999999997,0.016799577,0.04465871,0.10245903599999999,-0.3996259,-0.38996187,0.3076757,-0.19056684,-0.31032857,0.8119285,-0.15240365,0.21026869,-0.039656118,9.482643e-08
pg786-9,0.0178,0.1494,0.2795,0.0791,0.0293,0.0265,0.0299,0.0818,0.0373,0.0017,0.0069,0.0033,0.0051,0.1236,0.0021,0.0404,0.24,0.32,0.44,0.7002,0.413,0.1837,0.13084477,-0.14109547,0.20173138,0.05058728,-0.01763786,0.024224887,-0.049865488,0.11851482,-0.05061833,0.001122049,-0.29766434,0.016764794,-0.20484711,-0.23171334,0.9486061,0.11570916,-0.15643236,-0.34595874,-0.28212586,9.482651e-08
pg786-7,0.0178,0.2521,0.0984,0.0837,0.025,0.0224,0.0331,0.08,0.0387,0.0005,0.0062,0.0047,0.0069,0.1245,-0.0177,0.0591,0.16,0.16,0.68,0.7762,0.5563,0.1837,0.13084477,-0.14109547,0.20173138,0.05058728,-0.01763786,0.024224887,-0.049865488,0.11851482,-0.05061833,0.001122049,-0.29766434,0.016764794,-0.20484711,-0.23171334,0.9486061,0.11570916,-0.15643236,-0.34595874,-0.28212586,9.482651e-08
pg786-8,0.0168,0.2645,0.1461,0.0871,0.0286,0.0259,0.0308,0.0745,0.0405,0.0013,0.0072,0.0071,0.0047,0.1209,-0.0233,0.0393,0.24,0.2,0.56,0.6936,0.369,0.1837,0.13084477,-0.14109547,0.20173138,0.05058728,-0.01763786,0.024224887,-0.049865488,0.11851482,-0.05061833,0.001122049,-0.29766434,0.016764794,-0.20484711,-0.23171334,0.9486061,0.11570916,-0.15643236,-0.34595874,-0.28212586,9.482651e-08
pg786-5,0.0165,0.1645,0.14400000000000002,0.0764,0.0257,0.0228,0.0283,0.0916,0.0358,0.0019,0.0057,0.0046,0.0059,0.1321,0.0225,0.0403,0.24,0.12,0.64,0.6406,0.6496,0.1837,0.13084477,-0.14109547,0.20173138,0.05058728,-0.01763786,0.024224887,-0.049865488,0.11851482,-0.05061833,0.001122049,-0.29766434,0.016764794,-0.20484711,-0.23171334,0.9486061,0.11570916,-0.15643236,-0.34595874,-0.28212586,9.482651e-08
pg786-6,0.0177,0.28,0.1147,0.0706,0.0262,0.0253,0.0325,0.0809,0.0376,0.0007,0.0071,0.0048,0.0085,0.126,-0.0139,0.0471,0.36,0.16,0.48,0.6751,0.5063,0.1837,0.13084477,-0.14109547,0.20173138,0.05058728,-0.01763786,0.024224887,-0.049865488,0.11851482,-0.05061833,0.001122049,-0.29766434,0.016764794,-0.20484711,-0.23171334,0.9486061,0.11570916,-0.15643236,-0.34595874,-0.28212586,9.482651e-08
pg786-3,0.0176,0.2285,0.1533,0.0788,0.0223,0.0256,0.0381,0.0816,0.0365,0.0008,0.0073,0.0043,0.0091,0.1321,-0.0129,0.0425,0.12,0.2,0.68,0.7262,0.5403,0.1837,0.13084477,-0.14109547,0.20173138,0.05058728,-0.01763786,0.024224887,-0.049865488,0.11851482,-0.05061833,0.001122049,-0.29766434,0.016764794,-0.20484711,-0.23171334,0.9486061,0.11570916,-0.15643236,-0.34595874,-0.28212586,9.482651e-08
pg786-4,0.0191,0.2883,0.222,0.0871,0.0291,0.027999999999999997,0.0361,0.0772,0.0414,0.0008,0.0063,0.0051,0.0073,0.1255,-0.0445,0.0468,0.32,0.16,0.52,0.7796,0.6983,0.1837,0.13084477,-0.14109547,0.20173138,0.05058728,-0.01763786,0.024224887,-0.049865488,0.11851482,-0.05061833,0.001122049,-0.29766434,0.016764794,-0.20484711,-0.23171334,0.9486061,0.11570916,-0.15643236,-0.34595874,-0.28212586,9.482651e-08
pg786-1,0.0204,0.2447,0.0842,0.0562,0.0198,0.0284,0.0363,0.0815,0.0372,0.001,0.0059,0.0041,0.0065,0.1288,-0.0196,0.0359,0.28,0.12,0.6,0.6425,0.591,0.1837,0.13084477,-0.14109547,0.20173138,0.05058728,-0.01763786,0.024224887,-0.049865488,0.11851482,-0.05061833,0.001122049,-0.29766434,0.016764794,-0.20484711,-0.23171334,0.9486061,0.11570916,-0.15643236,-0.34595874,-0.28212586,9.482651e-08
pg786-2,0.0177,0.2273,0.1411,0.0778,0.0278,0.0245,0.0311,0.0906,0.0363,0.001,0.0053,0.0039,0.0099,0.1319,-0.0129,0.0476,0.48,0.08,0.44,0.7158,0.6163,0.1837,0.13084477,-0.14109547,0.20173138,0.05058728,-0.01763786,0.024224887,-0.049865488,0.11851482,-0.05061833,0.001122049,-0.29766434,0.016764794,-0.20484711,-0.23171334,0.9486061,0.11570916,-0.15643236,-0.34595874,-0.28212586,9.482651e-08
pg786-10,0.0197,0.1913,0.2158,0.0969,0.0338,0.0303,0.034,0.0742,0.0364,0.0013,0.0081,0.0046,0.0051,0.1222,-0.006,0.0368,0.2,0.12,0.68,0.7188,0.5052,0.1837,0.13084477,-0.14109547,0.20173138,0.05058728,-0.01763786,0.024224887,-0.049865488,0.11851482,-0.05061833,0.001122049,-0.29766434,0.016764794,-0.20484711,-0.23171334,0.9486061,0.11570916,-0.15643236,-0.34595874,-0.28212586,9.482651e-08
pg786-11,0.0186,0.2208,0.1016,0.0862,0.027000000000000003,0.0281,0.0321,0.0829,0.0351,0.001,0.0063,0.0055,0.0071,0.1278,0.0225,0.0457,0.36,0.16,0.48,0.6974,0.5323,0.1837,0.13084477,-0.14109547,0.20173138,0.05058728,-0.01763786,0.024224887,-0.049865488,0.11851482,-0.05061833,0.001122049,-0.29766434,0.016764794,-0.20484711,-0.23171334,0.9486061,0.11570916,-0.15643236,-0.34595874,-0.28212586,9.482651e-08
pg786-12,0.0134,0.2942,0.1237,0.0722,0.024,0.0324,0.0423,0.0778,0.0337,0.0014,0.0062,0.0042,0.0072,0.1319,0.0317,0.0325,0.48,0.08,0.44,0.72,0.389,0.1837,0.13084477,-0.14109547,0.20173138,0.05058728,-0.01763786,0.024224887,-0.049865488,0.11851482,-0.05061833,0.001122049,-0.29766434,0.016764794,-0.20484711,-0.23171334,0.9486061,0.11570916,-0.15643236,-0.34595874,-0.28212586,9.482651e-08
pg786-13,0.0157,0.2629,0.0906,0.07400000000000001,0.0267,0.0244,0.0343,0.0825,0.0333,0.0015,0.0096,0.0048,0.0058,0.1327,0.0253,0.04,0.52,0.16,0.32,0.7055,0.5189,0.1837,0.13084477,-0.14109547,0.20173138,0.05058728,-0.01763786,0.024224887,-0.049865488,0.11851482,-0.05061833,0.001122049,-0.29766434,0.016764794,-0.20484711,-0.23171334,0.9486061,0.11570916,-0.15643236,-0.34595874,-0.28212586,9.482651e-08
pg766-9,0.0105,0.1569,0.052000000000000005,0.081,0.0267,0.0349,0.0413,0.0795,0.0278,0.0012,0.0081,0.0048,0.0035,0.1349,0.1971,0.0197,0.0435,0.087,0.8696,0.6301,0.3993,0.0835,0.15687820000000002,0.04254807,0.12596494,-0.04578334,-0.18613692,-0.09513812,-0.054095116,-0.062290742999999996,-0.049865264000000006,-0.03261315,-0.019118762,0.046027225,0.014804504,-0.20879026,0.30484405,0.032215316,0.15487696,-0.07793674,0.7238927,9.482646e-08
pg766-6,0.0201,0.1283,0.1182,0.0976,0.0318,0.0255,0.0363,0.079,0.0387,0.0014,0.0064,0.0055,0.0081,0.1286,-0.0428,0.0478,0.4348,0.1304,0.4348,0.7609,0.5221,0.0835,0.15687820000000002,0.04254807,0.12596494,-0.04578334,-0.18613692,-0.09513812,-0.054095116,-0.062290742999999996,-0.049865264000000006,-0.03261315,-0.019118762,0.046027225,0.014804504,-0.20879026,0.30484405,0.032215316,0.15487696,-0.07793674,0.7238927,9.482646e-08
pg766-5,0.0142,0.3109,0.006999999999999999,0.0902,0.0243,0.0314,0.0382,0.0829,0.0334,0.001,0.0085,0.0045,0.0041,0.1351,0.0746,0.0293,0.3043,0.2174,0.4783,0.7137,0.5128,0.0835,0.15687820000000002,0.04254807,0.12596494,-0.04578334,-0.18613692,-0.09513812,-0.054095116,-0.062290742999999996,-0.049865264000000006,-0.03261315,-0.019118762,0.046027225,0.014804504,-0.20879026,0.30484405,0.032215316,0.15487696,-0.07793674,0.7238927,9.482646e-08
pg766-8,0.0145,0.1687,0.1084,0.0842,0.0237,0.0339,0.040999999999999995,0.0807,0.0313,0.0019,0.0092,0.0034,0.0053,0.1362,0.1112,0.0318,0.2609,0.3043,0.4348,0.6909,0.353,0.0835,0.15687820000000002,0.04254807,0.12596494,-0.04578334,-0.18613692,-0.09513812,-0.054095116,-0.062290742999999996,-0.049865264000000006,-0.03261315,-0.019118762,0.046027225,0.014804504,-0.20879026,0.30484405,0.032215316,0.15487696,-0.07793674,0.7238927,9.482646e-08
pg766-7,0.0177,0.1089,0.1642,0.0904,0.0308,0.0325,0.0426,0.0811,0.034,0.0023,0.0098,0.0044,0.0067,0.1402,0.0535,0.0335,0.1304,0.0435,0.8261,0.7474,0.3415,0.0835,0.15687820000000002,0.04254807,0.12596494,-0.04578334,-0.18613692,-0.09513812,-0.054095116,-0.062290742999999996,-0.049865264000000006,-0.03261315,-0.019118762,0.046027225,0.014804504,-0.20879026,0.30484405,0.032215316,0.15487696,-0.07793674,0.7238927,9.482646e-08
pg766-2,0.0166,0.1268,0.125,0.0883,0.0245,0.028999999999999998,0.0407,0.075,0.0345,0.0007,0.0074,0.0043,0.0064,0.1281,0.0376,0.0348,0.1304,0.087,0.7826,0.7317,0.2682,0.0835,0.15687820000000002,0.04254807,0.12596494,-0.04578334,-0.18613692,-0.09513812,-0.054095116,-0.062290742999999996,-0.049865264000000006,-0.03261315,-0.019118762,0.046027225,0.014804504,-0.20879026,0.30484405,0.032215316,0.15487696,-0.07793674,0.7238927,9.482646e-08
pg766-1,0.0173,0.1222,0.1866,0.0745,0.0343,0.0329,0.0352,0.0801,0.0322,0.0008,0.0066,0.0065,0.0071,0.1292,0.0436,0.034,0.0,0.2174,0.7826,0.6939,0.5778,0.0835,0.15687820000000002,0.04254807,0.12596494,-0.04578334,-0.18613692,-0.09513812,-0.054095116,-0.062290742999999996,-0.049865264000000006,-0.03261315,-0.019118762,0.046027225,0.014804504,-0.20879026,0.30484405,0.032215316,0.15487696,-0.07793674,0.7238927,9.482646e-08
pg766-4,0.017,0.1693,0.0772,0.0909,0.0231,0.0279,0.0377,0.0795,0.0358,0.0012,0.0062,0.0049,0.0076,0.1295,-0.01,0.0353,0.5217,0.087,0.3913,0.754,0.3503,0.0835,0.15687820000000002,0.04254807,0.12596494,-0.04578334,-0.18613692,-0.09513812,-0.054095116,-0.062290742999999996,-0.049865264000000006,-0.03261315,-0.019118762,0.046027225,0.014804504,-0.20879026,0.30484405,0.032215316,0.15487696,-0.07793674,0.7238927,9.482646e-08
pg766-3,0.0154,0.0973,0.1225,0.0901,0.0332,0.0283,0.0399,0.0847,0.0339,0.0012,0.0063,0.0057,0.0069,0.1378,0.0388,0.0293,0.3478,0.1739,0.4783,0.7187,0.7214,0.0835,0.15687820000000002,0.04254807,0.12596494,-0.04578334,-0.18613692,-0.09513812,-0.054095116,-0.062290742999999996,-0.049865264000000006,-0.03261315,-0.019118762,0.046027225,0.014804504,-0.20879026,0.30484405,0.032215316,0.15487696,-0.07793674,0.7238927,9.482646e-08
pg766-16,0.0149,0.2136,0.1348,0.0918,0.0276,0.0276,0.0352,0.0825,0.0306,0.0011,0.0075,0.0076,0.0098,0.1339,0.0436,0.0411,0.2609,0.2174,0.5217,0.7458,0.5589,0.0835,0.15687820000000002,0.04254807,0.12596494,-0.04578334,-0.18613692,-0.09513812,-0.054095116,-0.062290742999999996,-0.049865264000000006,-0.03261315,-0.019118762,0.046027225,0.014804504,-0.20879026,0.30484405,0.032215316,0.15487696,-0.07793674,0.7238927,9.482646e-08
pg766-17,0.0194,0.1491,0.2119,0.0951,0.0276,0.0271,0.0296,0.0838,0.0373,0.0011,0.0048,0.006,0.0145,0.1253,-0.0909,0.057,0.4348,0.0435,0.5217,0.7925,0.5232,0.0835,0.15687820000000002,0.04254807,0.12596494,-0.04578334,-0.18613692,-0.09513812,-0.054095116,-0.062290742999999996,-0.049865264000000006,-0.03261315,-0.019118762,0.046027225,0.014804504,-0.20879026,0.30484405,0.032215316,0.15487696,-0.07793674,0.7238927,9.482646e-08
pg766-14,0.0146,0.1422,0.1051,0.0851,0.0281,0.0294,0.0357,0.0855,0.0378,0.0008,0.0073,0.0056,0.0067,0.1349,0.0021,0.0325,0.5217,0.0435,0.4348,0.7201,0.3642,0.0835,0.15687820000000002,0.04254807,0.12596494,-0.04578334,-0.18613692,-0.09513812,-0.054095116,-0.062290742999999996,-0.049865264000000006,-0.03261315,-0.019118762,0.046027225,0.014804504,-0.20879026,0.30484405,0.032215316,0.15487696,-0.07793674,0.7238927,9.482646e-08
pg766-15,0.0157,0.1824,0.0987,0.0946,0.0249,0.0311,0.0388,0.0788,0.0333,0.0014,0.0084,0.005,0.0074,0.1324,0.0294,0.0325,0.087,0.2609,0.6522,0.7047,0.5478,0.0835,0.15687820000000002,0.04254807,0.12596494,-0.04578334,-0.18613692,-0.09513812,-0.054095116,-0.062290742999999996,-0.049865264000000006,-0.03261315,-0.019118762,0.046027225,0.014804504,-0.20879026,0.30484405,0.032215316,0.15487696,-0.07793674,0.7238927,9.482646e-08
pg766-18,0.0154,0.09300000000000001,0.1399,0.0851,0.0278,0.0303,0.0349,0.0819,0.0328,0.0007,0.0065,0.0039,0.0097,0.1279,0.0305,0.0365,0.3478,0.1739,0.4783,0.7195,0.6525,0.0835,0.15687820000000002,0.04254807,0.12596494,-0.04578334,-0.18613692,-0.09513812,-0.054095116,-0.062290742999999996,-0.049865264000000006,-0.03261315,-0.019118762,0.046027225,0.014804504,-0.20879026,0.30484405,0.032215316,0.15487696,-0.07793674,0.7238927,9.482646e-08
pg766-19,0.0155,0.1941,0.0796,0.0997,0.026000000000000002,0.0292,0.0321,0.0835,0.0333,0.0012,0.0059,0.0062,0.0131,0.1289,0.0083,0.0346,0.3043,0.1304,0.5652,0.6966,0.5173,0.0835,0.15687820000000002,0.04254807,0.12596494,-0.04578334,-0.18613692,-0.09513812,-0.054095116,-0.062290742999999996,-0.049865264000000006,-0.03261315,-0.019118762,0.046027225,0.014804504,-0.20879026,0.30484405,0.032215316,0.15487696,-0.07793674,0.7238927,9.482646e-08
pg766-12,0.0167,0.2162,0.0915,0.0864,0.0283,0.0308,0.0401,0.08800000000000001,0.0323,0.0014,0.0094,0.0037,0.0063,0.1426,0.0774,0.0377,0.3478,0.087,0.5652,0.6936,0.3069,0.0835,0.15687820000000002,0.04254807,0.12596494,-0.04578334,-0.18613692,-0.09513812,-0.054095116,-0.062290742999999996,-0.049865264000000006,-0.03261315,-0.019118762,0.046027225,0.014804504,-0.20879026,0.30484405,0.032215316,0.15487696,-0.07793674,0.7238927,9.482646e-08
pg766-13,0.0138,0.1936,0.1446,0.0874,0.0288,0.0269,0.0375,0.0882,0.0315,0.002,0.0087,0.005,0.005,0.1414,0.0975,0.0319,0.4348,0.2609,0.3043,0.6883,0.7196,0.0835,0.15687820000000002,0.04254807,0.12596494,-0.04578334,-0.18613692,-0.09513812,-0.054095116,-0.062290742999999996,-0.049865264000000006,-0.03261315,-0.019118762,0.046027225,0.014804504,-0.20879026,0.30484405,0.032215316,0.15487696,-0.07793674,0.7238927,9.482646e-08
pg766-10,0.0144,0.1228,0.1361,0.0778,0.0346,0.033,0.0374,0.0872,0.0291,0.0008,0.0081,0.0039,0.0102,0.1374,0.076,0.0312,0.1739,0.0435,0.7826,0.7145,0.496,0.0835,0.15687820000000002,0.04254807,0.12596494,-0.04578334,-0.18613692,-0.09513812,-0.054095116,-0.062290742999999996,-0.049865264000000006,-0.03261315,-0.019118762,0.046027225,0.014804504,-0.20879026,0.30484405,0.032215316,0.15487696,-0.07793674,0.7238927,9.482646e-08
pg766-11,0.0176,0.2171,0.10300000000000001,0.0887,0.0375,0.0266,0.0353,0.0832,0.032,0.0012,0.0076,0.0055,0.0083,0.1328,0.0436,0.0432,0.3043,0.1304,0.5652,0.7198,0.4218,0.0835,0.15687820000000002,0.04254807,0.12596494,-0.04578334,-0.18613692,-0.09513812,-0.054095116,-0.062290742999999996,-0.049865264000000006,-0.03261315,-0.019118762,0.046027225,0.014804504,-0.20879026,0.30484405,0.032215316,0.15487696,-0.07793674,0.7238927,9.482646e-08
pg766-27,0.0147,0.1777,0.0752,0.0799,0.0304,0.0307,0.0333,0.0816,0.0294,0.0013,0.0079,0.0041,0.0082,0.1282,0.0945,0.0321,0.4348,0.2174,0.3478,0.6296,0.4742,0.0835,0.15687820000000002,0.04254807,0.12596494,-0.04578334,-0.18613692,-0.09513812,-0.054095116,-0.062290742999999996,-0.049865264000000006,-0.03261315,-0.019118762,0.046027225,0.014804504,-0.20879026,0.30484405,0.032215316,0.15487696,-0.07793674,0.7238927,9.482646e-08
pg766-28,0.0155,0.1354,0.1292,0.0855,0.0275,0.0264,0.0362,0.0822,0.0361,0.001,0.0073,0.0066,0.0096,0.1333,-0.004,0.0302,0.3478,0.2174,0.4348,0.672,0.5625,0.0835,0.15687820000000002,0.04254807,0.12596494,-0.04578334,-0.18613692,-0.09513812,-0.054095116,-0.062290742999999996,-0.049865264000000006,-0.03261315,-0.019118762,0.046027225,0.014804504,-0.20879026,0.30484405,0.032215316,0.15487696,-0.07793674,0.7238927,9.482646e-08
pg766-25,0.0154,0.0972,0.1576,0.0866,0.0276,0.0283,0.0363,0.0814,0.0358,0.0007,0.0067,0.0047,0.0095,0.1298,-0.006999999999999999,0.0298,0.2609,0.1739,0.5652,0.7149,0.4771,0.0835,0.15687820000000002,0.04254807,0.12596494,-0.04578334,-0.18613692,-0.09513812,-0.054095116,-0.062290742999999996,-0.049865264000000006,-0.03261315,-0.019118762,0.046027225,0.014804504,-0.20879026,0.30484405,0.032215316,0.15487696,-0.07793674,0.7238927,9.482646e-08
pg766-26,0.0174,0.1369,0.1434,0.0891,0.0336,0.0299,0.0307,0.0809,0.0333,0.0007,0.0093,0.0058,0.0107,0.1274,0.001,0.0414,0.2609,0.0435,0.6957,0.7395,0.4104,0.0835,0.15687820000000002,0.04254807,0.12596494,-0.04578334,-0.18613692,-0.09513812,-0.054095116,-0.062290742999999996,-0.049865264000000006,-0.03261315,-0.019118762,0.046027225,0.014804504,-0.20879026,0.30484405,0.032215316,0.15487696,-0.07793674,0.7238927,9.482646e-08
pg766-29,0.0175,0.179,0.0947,0.096,0.0297,0.0254,0.0324,0.0823,0.033,0.0001,0.0082,0.0056,0.0129,0.1286,-0.0215,0.0408,0.1304,0.087,0.7826,0.7165,0.6217,0.0835,0.15687820000000002,0.04254807,0.12596494,-0.04578334,-0.18613692,-0.09513812,-0.054095116,-0.062290742999999996,-0.049865264000000006,-0.03261315,-0.019118762,0.046027225,0.014804504,-0.20879026,0.30484405,0.032215316,0.15487696,-0.07793674,0.7238927,9.482646e-08
pg766-20,0.0126,0.1571,0.1195,0.0929,0.0268,0.0298,0.0306,0.0809,0.0349,0.0014,0.0065,0.0044,0.0075,0.1238,0.0352,0.0242,0.3478,0.1739,0.4783,0.6901,0.4697,0.0835,0.15687820000000002,0.04254807,0.12596494,-0.04578334,-0.18613692,-0.09513812,-0.054095116,-0.062290742999999996,-0.049865264000000006,-0.03261315,-0.019118762,0.046027225,0.014804504,-0.20879026,0.30484405,0.032215316,0.15487696,-0.07793674,0.7238927,9.482646e-08
pg766-23,0.0165,0.1997,0.1382,0.0913,0.0274,0.028999999999999998,0.0358,0.0842,0.0342,0.0014,0.008,0.0065,0.0137,0.1359,-0.0196,0.0436,0.1739,0.3478,0.4783,0.8018,0.5944,0.0835,0.15687820000000002,0.04254807,0.12596494,-0.04578334,-0.18613692,-0.09513812,-0.054095116,-0.062290742999999996,-0.049865264000000006,-0.03261315,-0.019118762,0.046027225,0.014804504,-0.20879026,0.30484405,0.032215316,0.15487696,-0.07793674,0.7238927,9.482646e-08
pg766-24,0.0148,0.1445,0.205,0.0946,0.0327,0.0282,0.0344,0.0811,0.0316,0.0015,0.006,0.005,0.0084,0.128,0.0328,0.0303,0.3478,0.1304,0.5217,0.7196,0.6422,0.0835,0.15687820000000002,0.04254807,0.12596494,-0.04578334,-0.18613692,-0.09513812,-0.054095116,-0.062290742999999996,-0.049865264000000006,-0.03261315,-0.019118762,0.046027225,0.014804504,-0.20879026,0.30484405,0.032215316,0.15487696,-0.07793674,0.7238927,9.482646e-08
pg766-21,0.017,0.179,0.0545,0.079,0.0238,0.0314,0.0308,0.0844,0.0329,0.001,0.0059,0.0071,0.0088,0.1292,0.0148,0.0411,0.3043,0.1739,0.5217,0.6614,0.5414,0.0835,0.15687820000000002,0.04254807,0.12596494,-0.04578334,-0.18613692,-0.09513812,-0.054095116,-0.062290742999999996,-0.049865264000000006,-0.03261315,-0.019118762,0.046027225,0.014804504,-0.20879026,0.30484405,0.032215316,0.15487696,-0.07793674,0.7238927,9.482646e-08
pg766-22,0.0173,0.1824,0.1279,0.0964,0.0264,0.0271,0.0343,0.083,0.033,0.0015,0.0072,0.0072,0.0123,0.1332,-0.0177,0.0445,0.2174,0.1739,0.6087,0.7414,0.6453,0.0835,0.15687820000000002,0.04254807,0.12596494,-0.04578334,-0.18613692,-0.09513812,-0.054095116,-0.062290742999999996,-0.049865264000000006,-0.03261315,-0.019118762,0.046027225,0.014804504,-0.20879026,0.30484405,0.032215316,0.15487696,-0.07793674,0.7238927,9.482646e-08
pg766-38,0.0171,0.2379,0.0538,0.0819,0.0278,0.0263,0.0353,0.0925,0.0299,0.0013,0.0084,0.0087,0.0097,0.1462,0.0364,0.0438,0.3043,0.2609,0.4348,0.6674,0.6847,0.0835,0.15687820000000002,0.04254807,0.12596494,-0.04578334,-0.18613692,-0.09513812,-0.054095116,-0.062290742999999996,-0.049865264000000006,-0.03261315,-0.019118762,0.046027225,0.014804504,-0.20879026,0.30484405,0.032215316,0.15487696,-0.07793674,0.7238927,9.482646e-08
pg766-39,0.0186,0.1437,0.0884,0.0833,0.0343,0.0242,0.0339,0.0887,0.0346,0.0005,0.0093,0.0062,0.01,0.1386,-0.009000000000000001,0.046,0.3043,0.2174,0.4783,0.7041,0.6425,0.0835,0.15687820000000002,0.04254807,0.12596494,-0.04578334,-0.18613692,-0.09513812,-0.054095116,-0.062290742999999996,-0.049865264000000006,-0.03261315,-0.019118762,0.046027225,0.014804504,-0.20879026,0.30484405,0.032215316,0.15487696,-0.07793674,0.7238927,9.482646e-08
pg766-36,0.0142,0.1877,0.1272,0.0813,0.0343,0.0287,0.0322,0.0784,0.0306,0.0003,0.0069,0.0121,0.0098,0.1299,0.0424,0.0317,0.2174,0.2174,0.5652,0.655,0.5231,0.0835,0.15687820000000002,0.04254807,0.12596494,-0.04578334,-0.18613692,-0.09513812,-0.054095116,-0.062290742999999996,-0.049865264000000006,-0.03261315,-0.019118762,0.046027225,0.014804504,-0.20879026,0.30484405,0.032215316,0.15487696,-0.07793674,0.7238927,9.482646e-08
pg766-37,0.0141,0.1893,0.2219,0.0962,0.0327,0.0283,0.0339,0.0842,0.0324,0.0008,0.0071,0.0077,0.0094,0.1337,0.0225,0.0444,0.3043,0.2174,0.4783,0.7955,0.5127,0.0835,0.15687820000000002,0.04254807,0.12596494,-0.04578334,-0.18613692,-0.09513812,-0.054095116,-0.062290742999999996,-0.049865264000000006,-0.03261315,-0.019118762,0.046027225,0.014804504,-0.20879026,0.30484405,0.032215316,0.15487696,-0.07793674,0.7238927,9.482646e-08
pg766-30,0.0159,0.1645,0.1236,0.092,0.0302,0.0289,0.0334,0.0805,0.0349,0.0008,0.008,0.006999999999999999,0.006999999999999999,0.1297,0.0424,0.0399,0.2174,0.1304,0.6522,0.703,0.5127,0.0835,0.15687820000000002,0.04254807,0.12596494,-0.04578334,-0.18613692,-0.09513812,-0.054095116,-0.062290742999999996,-0.049865264000000006,-0.03261315,-0.019118762,0.046027225,0.014804504,-0.20879026,0.30484405,0.032215316,0.15487696,-0.07793674,0.7238927,9.482646e-08
pg766-31,0.0193,0.1524,0.154,0.0952,0.0334,0.0265,0.033,0.0798,0.0326,0.0011,0.0092,0.0056,0.0097,0.1287,0.0214,0.0399,0.4783,0.1304,0.3913,0.7249,0.3255,0.0835,0.15687820000000002,0.04254807,0.12596494,-0.04578334,-0.18613692,-0.09513812,-0.054095116,-0.062290742999999996,-0.049865264000000006,-0.03261315,-0.019118762,0.046027225,0.014804504,-0.20879026,0.30484405,0.032215316,0.15487696,-0.07793674,0.7238927,9.482646e-08
pg766-34,0.0183,0.1636,0.2045,0.0947,0.03,0.0266,0.0358,0.0805,0.0354,0.0012,0.0077,0.0043,0.0079,0.1295,0.0148,0.0366,0.2174,0.087,0.6957,0.732,0.4227,0.0835,0.15687820000000002,0.04254807,0.12596494,-0.04578334,-0.18613692,-0.09513812,-0.054095116,-0.062290742999999996,-0.049865264000000006,-0.03261315,-0.019118762,0.046027225,0.014804504,-0.20879026,0.30484405,0.032215316,0.15487696,-0.07793674,0.7238927,9.482646e-08
pg766-35,0.0167,0.1265,0.1773,0.1046,0.033,0.0247,0.0354,0.0813,0.0335,0.0008,0.0087,0.0043,0.01,0.1305,0.0052,0.0365,0.2609,0.1739,0.5652,0.7391,0.4085,0.0835,0.15687820000000002,0.04254807,0.12596494,-0.04578334,-0.18613692,-0.09513812,-0.054095116,-0.062290742999999996,-0.049865264000000006,-0.03261315,-0.019118762,0.046027225,0.014804504,-0.20879026,0.30484405,0.032215316,0.15487696,-0.07793674,0.7238927,9.482646e-08
pg766-32,0.0149,0.114,0.14400000000000002,0.0841,0.0326,0.0312,0.0401,0.0751,0.0356,0.0004,0.0115,0.0035,0.0065,0.1306,0.0388,0.0215,0.2174,0.1739,0.6087,0.7016,0.6641,0.0835,0.15687820000000002,0.04254807,0.12596494,-0.04578334,-0.18613692,-0.09513812,-0.054095116,-0.062290742999999996,-0.049865264000000006,-0.03261315,-0.019118762,0.046027225,0.014804504,-0.20879026,0.30484405,0.032215316,0.15487696,-0.07793674,0.7238927,9.482646e-08
pg766-33,0.0174,0.1317,0.1639,0.0899,0.0346,0.0249,0.0345,0.0801,0.0353,0.0009,0.0073,0.0059,0.0108,0.1287,-0.012,0.0408,0.1739,0.1304,0.6957,0.7338,0.3439,0.0835,0.15687820000000002,0.04254807,0.12596494,-0.04578334,-0.18613692,-0.09513812,-0.054095116,-0.062290742999999996,-0.049865264000000006,-0.03261315,-0.019118762,0.046027225,0.014804504,-0.20879026,0.30484405,0.032215316,0.15487696,-0.07793674,0.7238927,9.482646e-08
pg766-41,0.0141,0.1518,0.1036,0.0813,0.0287,0.0312,0.0365,0.0864,0.0331,0.0003,0.0108,0.005,0.004,0.139,0.0844,0.0243,0.3478,0.0435,0.6087,0.6642,0.7898,0.0835,0.15687820000000002,0.04254807,0.12596494,-0.04578334,-0.18613692,-0.09513812,-0.054095116,-0.062290742999999996,-0.049865264000000006,-0.03261315,-0.019118762,0.046027225,0.014804504,-0.20879026,0.30484405,0.032215316,0.15487696,-0.07793674,0.7238927,9.482646e-08
pg766-42,0.0183,0.1174,0.14400000000000002,0.0854,0.0313,0.027999999999999997,0.0358,0.0858,0.0336,0.0004,0.0087,0.0049,0.0102,0.1356,-0.006,0.0447,0.2174,0.2609,0.5217,0.7228,0.5853,0.0835,0.15687820000000002,0.04254807,0.12596494,-0.04578334,-0.18613692,-0.09513812,-0.054095116,-0.062290742999999996,-0.049865264000000006,-0.03261315,-0.019118762,0.046027225,0.014804504,-0.20879026,0.30484405,0.032215316,0.15487696,-0.07793674,0.7238927,9.482646e-08
pg766-40,0.0156,0.1764,0.1296,0.0843,0.0268,0.0346,0.0387,0.0851,0.0334,0.0012,0.0107,0.0054,0.0068,0.1411,0.0485,0.0225,0.3043,0.2609,0.4348,0.7364,0.2024,0.0835,0.15687820000000002,0.04254807,0.12596494,-0.04578334,-0.18613692,-0.09513812,-0.054095116,-0.062290742999999996,-0.049865264000000006,-0.03261315,-0.019118762,0.046027225,0.014804504,-0.20879026,0.30484405,0.032215316,0.15487696,-0.07793674,0.7238927,9.482646e-08
pg766-43,0.0197,0.1031,0.1174,0.0976,0.0285,0.0277,0.0334,0.083,0.0341,0.001,0.0106,0.0058,0.01,0.1338,-0.01,0.0403,0.3913,0.3043,0.3043,0.7305,0.5866,0.0835,0.15687820000000002,0.04254807,0.12596494,-0.04578334,-0.18613692,-0.09513812,-0.054095116,-0.062290742999999996,-0.049865264000000006,-0.03261315,-0.019118762,0.046027225,0.014804504,-0.20879026,0.30484405,0.032215316,0.15487696,-0.07793674,0.7238927,9.482646e-08
pg766-44,0.0187,0.1472,0.1618,0.0859,0.0349,0.0307,0.0396,0.0859,0.0313,0.0005,0.0104,0.0039,0.0085,0.1405,0.046,0.0392,0.2609,0.4348,0.3043,0.7298,0.5487,0.0835,0.15687820000000002,0.04254807,0.12596494,-0.04578334,-0.18613692,-0.09513812,-0.054095116,-0.062290742999999996,-0.049865264000000006,-0.03261315,-0.019118762,0.046027225,0.014804504,-0.20879026,0.30484405,0.032215316,0.15487696,-0.07793674,0.7238927,9.482646e-08
pg141-9,0.0123,0.1373,0.2507,0.0784,0.0265,0.0253,0.040999999999999995,0.0662,0.0304,0.0007,0.011000000000000001,0.0035,0.0073,0.1224,0.0706,0.0295,0.1053,0.3158,0.5789,0.665,0.4209,0.1259,0.23310515,-0.068933606,0.15281647,0.07183763,0.07196353,0.02227982,-0.15050279,0.14114714,7.65e-05,0.1373696,-0.2531887,-0.29317358,0.25557163,-0.027269443,-0.46357116,-0.38651422,-0.66463184,-0.313107,0.06453286,9.4826476e-08
pg141-8,0.0084,0.3052,0.2197,0.0678,0.0328,0.0258,0.04,0.0622,0.0307,0.0019,0.0115,0.0032,0.002,0.1188,0.1676,0.0145,0.1053,0.1053,0.7895,0.575,0.527,0.1259,0.23310515,-0.068933606,0.15281647,0.07183763,0.07196353,0.02227982,-0.15050279,0.14114714,7.65e-05,0.1373696,-0.2531887,-0.29317358,0.25557163,-0.027269443,-0.46357116,-0.38651422,-0.66463184,-0.313107,0.06453286,9.4826476e-08
pg141-7,0.0097,0.1942,0.285,0.0742,0.0293,0.0274,0.0424,0.062,0.0324,0.0027,0.0134,0.0031,0.0034,0.1236,0.096,0.0167,0.3684,0.0526,0.5789,0.6102,0.5635,0.1259,0.23310515,-0.068933606,0.15281647,0.07183763,0.07196353,0.02227982,-0.15050279,0.14114714,7.65e-05,0.1373696,-0.2531887,-0.29317358,0.25557163,-0.027269443,-0.46357116,-0.38651422,-0.66463184,-0.313107,0.06453286,9.4826476e-08
pg141-6,0.01,0.1187,0.2323,0.0741,0.0245,0.0221,0.0408,0.0699,0.0319,0.0025,0.0116,0.0023,0.0036,0.1271,0.1256,0.0258,0.1579,0.1053,0.7368,0.6111,0.508,0.1259,0.23310515,-0.068933606,0.15281647,0.07183763,0.07196353,0.02227982,-0.15050279,0.14114714,7.65e-05,0.1373696,-0.2531887,-0.29317358,0.25557163,-0.027269443,-0.46357116,-0.38651422,-0.66463184,-0.313107,0.06453286,9.4826476e-08
pg141-11,0.0087,0.1466,0.3864,0.0782,0.0323,0.0228,0.0386,0.0649,0.0314,0.0025,0.0119,0.0025,0.006,0.1204,0.1159,0.0175,0.1053,0.2632,0.6316,0.6331,0.6925,0.1259,0.23310515,-0.068933606,0.15281647,0.07183763,0.07196353,0.02227982,-0.15050279,0.14114714,7.65e-05,0.1373696,-0.2531887,-0.29317358,0.25557163,-0.027269443,-0.46357116,-0.38651422,-0.66463184,-0.313107,0.06453286,9.4826476e-08
pg141-12,0.0101,0.2056,0.2893,0.0851,0.0331,0.0246,0.0393,0.0603,0.0345,0.0014,0.0131,0.0034,0.006999999999999999,0.1175,0.0376,0.0217,0.1579,0.0526,0.7895,0.677,0.5171,0.1259,0.23310515,-0.068933606,0.15281647,0.07183763,0.07196353,0.02227982,-0.15050279,0.14114714,7.65e-05,0.1373696,-0.2531887,-0.29317358,0.25557163,-0.027269443,-0.46357116,-0.38651422,-0.66463184,-0.313107,0.06453286,9.4826476e-08
pg141-10,0.0091,0.2548,0.2029,0.0611,0.0276,0.0294,0.0409,0.0672,0.027000000000000003,0.0012,0.0126,0.002,0.0039,0.1239,0.2248,0.0163,0.0,0.3158,0.6842,0.5669,0.2666,0.1259,0.23310515,-0.068933606,0.15281647,0.07183763,0.07196353,0.02227982,-0.15050279,0.14114714,7.65e-05,0.1373696,-0.2531887,-0.29317358,0.25557163,-0.027269443,-0.46357116,-0.38651422,-0.66463184,-0.313107,0.06453286,9.4826476e-08
pg141-19,0.006,0.3683,0.3015,0.057999999999999996,0.0349,0.0287,0.044000000000000004,0.0677,0.0261,0.0014,0.0101,0.0004,0.0007,0.1236,0.3294,0.0011,0.1579,0.2632,0.5789,0.4549,0.8551,0.1259,0.23310515,-0.068933606,0.15281647,0.07183763,0.07196353,0.02227982,-0.15050279,0.14114714,7.65e-05,0.1373696,-0.2531887,-0.29317358,0.25557163,-0.027269443,-0.46357116,-0.38651422,-0.66463184,-0.313107,0.06453286,9.4826476e-08
pg141-17,0.0064,0.1373,0.3003,0.0817,0.0312,0.0227,0.0379,0.0637,0.0352,0.0012,0.0085,0.0018,0.0023,0.1131,0.0873,0.0093,0.4211,0.1579,0.4211,0.6477,0.3571,0.1259,0.23310515,-0.068933606,0.15281647,0.07183763,0.07196353,0.02227982,-0.15050279,0.14114714,7.65e-05,0.1373696,-0.2531887,-0.29317358,0.25557163,-0.027269443,-0.46357116,-0.38651422,-0.66463184,-0.313107,0.06453286,9.4826476e-08
pg141-18,0.0068,0.1784,0.3626,0.0736,0.0301,0.0226,0.0378,0.0684,0.0348,0.0016,0.0122,0.0031,0.0028,0.1231,0.076,0.0096,0.1579,0.2632,0.5789,0.6317,0.4146,0.1259,0.23310515,-0.068933606,0.15281647,0.07183763,0.07196353,0.02227982,-0.15050279,0.14114714,7.65e-05,0.1373696,-0.2531887,-0.29317358,0.25557163,-0.027269443,-0.46357116,-0.38651422,-0.66463184,-0.313107,0.06453286,9.4826476e-08
pg141-15,0.0086,0.2032,0.31,0.075,0.0308,0.0266,0.0426,0.0642,0.0315,0.0015,0.0113,0.0018,0.0054,0.1214,0.1112,0.0094,0.1579,0.2632,0.5789,0.6486,0.3835,0.1259,0.23310515,-0.068933606,0.15281647,0.07183763,0.07196353,0.02227982,-0.15050279,0.14114714,7.65e-05,0.1373696,-0.2531887,-0.29317358,0.25557163,-0.027269443,-0.46357116,-0.38651422,-0.66463184,-0.313107,0.06453286,9.4826476e-08
pg141-16,0.0066,0.196,0.4534,0.0596,0.0348,0.0288,0.0445,0.0696,0.026000000000000002,0.002,0.013999999999999999,0.0014,0.0019,0.1315,0.2905,0.0057,0.1579,0.3158,0.5263,0.5308,0.3511,0.1259,0.23310515,-0.068933606,0.15281647,0.07183763,0.07196353,0.02227982,-0.15050279,0.14114714,7.65e-05,0.1373696,-0.2531887,-0.29317358,0.25557163,-0.027269443,-0.46357116,-0.38651422,-0.66463184,-0.313107,0.06453286,9.4826476e-08
pg141-13,0.0097,0.2276,0.2724,0.0859,0.0323,0.0239,0.0363,0.0749,0.0332,0.0023,0.0144,0.0012,0.0043,0.1291,0.1096,0.0162,0.2632,0.1053,0.6316,0.6143,0.3867,0.1259,0.23310515,-0.068933606,0.15281647,0.07183763,0.07196353,0.02227982,-0.15050279,0.14114714,7.65e-05,0.1373696,-0.2531887,-0.29317358,0.25557163,-0.027269443,-0.46357116,-0.38651422,-0.66463184,-0.313107,0.06453286,9.4826476e-08
pg141-14,0.0107,0.2145,0.177,0.0959,0.0267,0.024,0.0351,0.064,0.0381,0.002,0.0129,0.0031,0.0042,0.1171,0.0148,0.0225,0.2105,0.1579,0.6316,0.6595,0.3852,0.1259,0.23310515,-0.068933606,0.15281647,0.07183763,0.07196353,0.02227982,-0.15050279,0.14114714,7.65e-05,0.1373696,-0.2531887,-0.29317358,0.25557163,-0.027269443,-0.46357116,-0.38651422,-0.66463184,-0.313107,0.06453286,9.4826476e-08
pg141-5,0.0113,0.2072,0.1533,0.0701,0.0245,0.0251,0.0406,0.0733,0.0307,0.0009,0.0113,0.0013,0.0048,0.1274,0.1441,0.0275,0.0526,0.2632,0.6842,0.6333,0.4907,0.1259,0.23310515,-0.068933606,0.15281647,0.07183763,0.07196353,0.02227982,-0.15050279,0.14114714,7.65e-05,0.1373696,-0.2531887,-0.29317358,0.25557163,-0.027269443,-0.46357116,-0.38651422,-0.66463184,-0.313107,0.06453286,9.4826476e-08
pg141-4,0.0147,0.1081,0.205,0.0705,0.0183,0.0216,0.0375,0.0702,0.0358,0.0016,0.009000000000000001,0.0012,0.0047,0.1195,0.0473,0.0352,0.2105,0.1579,0.6316,0.6755,0.5145,0.1259,0.23310515,-0.068933606,0.15281647,0.07183763,0.07196353,0.02227982,-0.15050279,0.14114714,7.65e-05,0.1373696,-0.2531887,-0.29317358,0.25557163,-0.027269443,-0.46357116,-0.38651422,-0.66463184,-0.313107,0.06453286,9.4826476e-08
pg141-3,0.0124,0.1238,0.2419,0.0766,0.0284,0.0243,0.0387,0.0686,0.0314,0.0029,0.0153,0.0014,0.0037,0.1269,0.1191,0.0279,0.1579,0.2632,0.5789,0.672,0.3627,0.1259,0.23310515,-0.068933606,0.15281647,0.07183763,0.07196353,0.02227982,-0.15050279,0.14114714,7.65e-05,0.1373696,-0.2531887,-0.29317358,0.25557163,-0.027269443,-0.46357116,-0.38651422,-0.66463184,-0.313107,0.06453286,9.4826476e-08
pg141-2,0.0099,0.1871,0.2576,0.0709,0.0312,0.0271,0.0373,0.0606,0.0328,0.0022,0.0127,0.0029,0.0045,0.1157,0.1081,0.0187,0.3684,0.2105,0.4211,0.6267,0.5812,0.1259,0.23310515,-0.068933606,0.15281647,0.07183763,0.07196353,0.02227982,-0.15050279,0.14114714,7.65e-05,0.1373696,-0.2531887,-0.29317358,0.25557163,-0.027269443,-0.46357116,-0.38651422,-0.66463184,-0.313107,0.06453286,9.4826476e-08
pg141-1,0.0093,0.111,0.3495,0.07200000000000001,0.037000000000000005,0.0227,0.0447,0.0706,0.0267,0.0018,0.0119,0.0019,0.0031,0.1309,0.2408,0.0175,0.0,0.1579,0.8421,0.5774,0.4574,0.1259,0.23310515,-0.068933606,0.15281647,0.07183763,0.07196353,0.02227982,-0.15050279,0.14114714,7.65e-05,0.1373696,-0.2531887,-0.29317358,0.25557163,-0.027269443,-0.46357116,-0.38651422,-0.66463184,-0.313107,0.06453286,9.4826476e-08
pg1342-8,0.0089,0.1981,0.2257,0.0795,0.0366,0.0269,0.0367,0.0625,0.0301,0.0008,0.011000000000000001,0.0043,0.005,0.1153,0.1339,0.0115,0.1304,0.2174,0.6522,0.5397,0.513,0.2237,0.35130998,-0.14145926,0.11976314,0.13095315,0.13567407,0.026617954,0.116757385,0.026221741,0.055131238,0.053060487,-0.4020213,-0.19577235,0.23650692,0.1653617,-0.39730847,-0.059512008,0.66674846,-0.45322627,-0.14114086,9.482654e-08
pg1342-9,0.015,0.162,0.313,0.0684,0.0316,0.0251,0.039,0.059000000000000004,0.0362,0.0009,0.0115,0.0031,0.0073,0.1135,0.0214,0.0244,0.1739,0.2609,0.5652,0.6151,0.3415,0.2237,0.35130998,-0.14145926,0.11976314,0.13095315,0.13567407,0.026617954,0.116757385,0.026221741,0.055131238,0.053060487,-0.4020213,-0.19577235,0.23650692,0.1653617,-0.39730847,-0.059512008,0.66674846,-0.45322627,-0.14114086,9.482654e-08
pg1342-6,0.0123,0.165,0.3133,0.0743,0.0336,0.0294,0.0375,0.0631,0.0365,0.0005,0.0093,0.0021,0.0036,0.1125,0.06,0.018000000000000002,0.1304,0.1304,0.7391,0.5988,0.6085,0.2237,0.35130998,-0.14145926,0.11976314,0.13095315,0.13567407,0.026617954,0.116757385,0.026221741,0.055131238,0.053060487,-0.4020213,-0.19577235,0.23650692,0.1653617,-0.39730847,-0.059512008,0.66674846,-0.45322627,-0.14114086,9.482654e-08
pg1342-7,0.0154,0.2381,0.248,0.0801,0.0308,0.0269,0.0353,0.0614,0.0342,0.0018,0.0077,0.0027,0.0028,0.1089,0.0626,0.0271,0.3913,0.1739,0.4348,0.5925,0.4731,0.2237,0.35130998,-0.14145926,0.11976314,0.13095315,0.13567407,0.026617954,0.116757385,0.026221741,0.055131238,0.053060487,-0.4020213,-0.19577235,0.23650692,0.1653617,-0.39730847,-0.059512008,0.66674846,-0.45322627,-0.14114086,9.482654e-08
pg1342-1,0.0188,0.2591,0.1615,0.0837,0.0321,0.0242,0.0329,0.0605,0.037000000000000005,0.0011,0.0123,0.0033,0.0059,0.1101,0.017,0.037000000000000005,0.3913,0.1739,0.4348,0.6579,0.5720000000000001,0.2237,0.35130998,-0.14145926,0.11976314,0.13095315,0.13567407,0.026617954,0.116757385,0.026221741,0.055131238,0.053060487,-0.4020213,-0.19577235,0.23650692,0.1653617,-0.39730847,-0.059512008,0.66674846,-0.45322627,-0.14114086,9.482654e-08
pg1342-4,0.0112,0.1963,0.2346,0.077,0.0351,0.0233,0.0318,0.0647,0.0313,0.0011,0.0093,0.0022,0.0025,0.1091,0.1639,0.0227,0.1739,0.1304,0.6957,0.5497,0.4598,0.2237,0.35130998,-0.14145926,0.11976314,0.13095315,0.13567407,0.026617954,0.116757385,0.026221741,0.055131238,0.053060487,-0.4020213,-0.19577235,0.23650692,0.1653617,-0.39730847,-0.059512008,0.66674846,-0.45322627,-0.14114086,9.482654e-08
pg1342-5,0.013000000000000001,0.1832,0.249,0.0844,0.0357,0.0235,0.0347,0.0584,0.0328,0.0011,0.012,0.0012,0.0027,0.1074,0.1065,0.0225,0.3913,0.2609,0.3478,0.562,0.6665,0.2237,0.35130998,-0.14145926,0.11976314,0.13095315,0.13567407,0.026617954,0.116757385,0.026221741,0.055131238,0.053060487,-0.4020213,-0.19577235,0.23650692,0.1653617,-0.39730847,-0.059512008,0.66674846,-0.45322627,-0.14114086,9.482654e-08
pg1342-2,0.0213,0.11800000000000001,0.2653,0.0757,0.0336,0.0244,0.0322,0.0672,0.0395,0.001,0.0098,0.0023,0.0063,0.1125,-0.003,0.0456,0.4348,0.1739,0.3913,0.6429,0.4942,0.2237,0.35130998,-0.14145926,0.11976314,0.13095315,0.13567407,0.026617954,0.116757385,0.026221741,0.055131238,0.053060487,-0.4020213,-0.19577235,0.23650692,0.1653617,-0.39730847,-0.059512008,0.66674846,-0.45322627,-0.14114086,9.482654e-08
pg1342-3,0.0134,0.3205,0.1543,0.0767,0.0322,0.0257,0.0391,0.0653,0.0333,0.0003,0.0099,0.0062,0.0032,0.1208,0.105,0.0255,0.1739,0.087,0.7391,0.568,0.5825,0.2237,0.35130998,-0.14145926,0.11976314,0.13095315,0.13567407,0.026617954,0.116757385,0.026221741,0.055131238,0.053060487,-0.4020213,-0.19577235,0.23650692,0.1653617,-0.39730847,-0.059512008,0.66674846,-0.45322627,-0.14114086,9.482654e-08
pg1342-11,0.0143,0.19399999999999998,0.1984,0.0819,0.032,0.0284,0.0337,0.065,0.0325,0.001,0.0109,0.0032,0.0061,0.1138,0.0498,0.0262,0.3913,0.087,0.5217,0.6393,0.5359,0.2237,0.35130998,-0.14145926,0.11976314,0.13095315,0.13567407,0.026617954,0.116757385,0.026221741,0.055131238,0.053060487,-0.4020213,-0.19577235,0.23650692,0.1653617,-0.39730847,-0.059512008,0.66674846,-0.45322627,-0.14114086,9.482654e-08
pg1342-12,0.013000000000000001,0.2366,0.2303,0.0902,0.0366,0.0245,0.0355,0.0648,0.0379,0.0007,0.0114,0.0025,0.0079,0.1149,0.0,0.021,0.3043,0.2174,0.4783,0.6785,0.5105,0.2237,0.35130998,-0.14145926,0.11976314,0.13095315,0.13567407,0.026617954,0.116757385,0.026221741,0.055131238,0.053060487,-0.4020213,-0.19577235,0.23650692,0.1653617,-0.39730847,-0.059512008,0.66674846,-0.45322627,-0.14114086,9.482654e-08
pg1342-10,0.0082,0.2407,0.3189,0.0763,0.0388,0.0287,0.0398,0.066,0.0295,0.0004,0.013999999999999999,0.003,0.0031,0.1232,0.1752,0.0098,0.2609,0.1739,0.5652,0.5411,0.535,0.2237,0.35130998,-0.14145926,0.11976314,0.13095315,0.13567407,0.026617954,0.116757385,0.026221741,0.055131238,0.053060487,-0.4020213,-0.19577235,0.23650692,0.1653617,-0.39730847,-0.059512008,0.66674846,-0.45322627,-0.14114086,9.482654e-08
pg1342-13,0.0199,0.2032,0.2575,0.0871,0.0325,0.0282,0.0335,0.0692,0.0396,0.0011,0.0111,0.0012,0.0069,0.1161,-0.0196,0.0316,0.2174,0.3478,0.4348,0.6667,0.5571,0.2237,0.35130998,-0.14145926,0.11976314,0.13095315,0.13567407,0.026617954,0.116757385,0.026221741,0.055131238,0.053060487,-0.4020213,-0.19577235,0.23650692,0.1653617,-0.39730847,-0.059512008,0.66674846,-0.45322627,-0.14114086,9.482654e-08
pg1342-14,0.015,0.1569,0.1991,0.0925,0.0399,0.025,0.0316,0.0641,0.0389,0.001,0.0102,0.0016,0.0064,0.1086,-0.0311,0.0264,0.2174,0.2174,0.5652,0.6461,0.6983,0.2237,0.35130998,-0.14145926,0.11976314,0.13095315,0.13567407,0.026617954,0.116757385,0.026221741,0.055131238,0.053060487,-0.4020213,-0.19577235,0.23650692,0.1653617,-0.39730847,-0.059512008,0.66674846,-0.45322627,-0.14114086,9.482654e-08
pg105-4,0.0092,0.2293,0.2606,0.065,0.0244,0.026000000000000002,0.0401,0.0766,0.0268,0.0009,0.0146,0.0,0.0044,0.1322,0.2139,0.0121,0.0952,0.0476,0.8571,0.5662,0.3799,0.1754,0.26020822,-0.058109388,0.03854151,0.21908897,-0.004442766,0.027302159,0.16532612,0.14184876,-0.13460626,0.10209463,0.19185759,-0.52098346,-0.018810498,1.2063881,0.25948557,-0.046952363,-0.034572564,0.22850336,0.009488764,9.482654e-08
pg105-5,0.0119,0.2326,0.2547,0.0712,0.0238,0.0248,0.040999999999999995,0.0733,0.0319,0.0011,0.0131,0.0,0.0059,0.1285,0.1081,0.0176,0.1905,0.0476,0.7619,0.6449,0.7124,0.1754,0.26020822,-0.058109388,0.03854151,0.21908897,-0.004442766,0.027302159,0.16532612,0.14184876,-0.13460626,0.10209463,0.19185759,-0.52098346,-0.018810498,1.2063881,0.25948557,-0.046952363,-0.034572564,0.22850336,0.009488764,9.482654e-08
pg105-2,0.0091,0.1533,0.2782,0.0678,0.0235,0.0276,0.0435,0.0784,0.0234,0.0014,0.0139,0.0,0.005,0.1372,0.3013,0.0133,0.0952,0.1429,0.7619,0.5535,0.5109,0.1754,0.26020822,-0.058109388,0.03854151,0.21908897,-0.004442766,0.027302159,0.16532612,0.14184876,-0.13460626,0.10209463,0.19185759,-0.52098346,-0.018810498,1.2063881,0.25948557,-0.046952363,-0.034572564,0.22850336,0.009488764,9.482654e-08
pg105-3,0.0126,0.2754,0.1816,0.0794,0.023,0.0261,0.0371,0.0712,0.0328,0.0015,0.0127,0.0,0.0062,0.1225,0.0816,0.0207,0.2381,0.1429,0.619,0.6625,0.5054,0.1754,0.26020822,-0.058109388,0.03854151,0.21908897,-0.004442766,0.027302159,0.16532612,0.14184876,-0.13460626,0.10209463,0.19185759,-0.52098346,-0.018810498,1.2063881,0.25948557,-0.046952363,-0.034572564,0.22850336,0.009488764,9.482654e-08
pg105-1,0.0085,0.282,0.2637,0.0517,0.0249,0.0271,0.0391,0.0792,0.0254,0.0024,0.0171,0.0,0.0022,0.1378,0.2959,0.0111,0.0,0.0476,0.9524,0.4961,0.6729,0.1754,0.26020822,-0.058109388,0.03854151,0.21908897,-0.004442766,0.027302159,0.16532612,0.14184876,-0.13460626,0.10209463,0.19185759,-0.52098346,-0.018810498,1.2063881,0.25948557,-0.046952363,-0.034572564,0.22850336,0.009488764,9.482654e-08
pg105-8,0.0128,0.2376,0.1695,0.092,0.0254,0.0232,0.0336,0.0656,0.0407,0.0014,0.0134,0.0,0.005,0.114,-0.008,0.0257,0.1905,0.2381,0.5714,0.6817,0.523,0.1754,0.26020822,-0.058109388,0.03854151,0.21908897,-0.004442766,0.027302159,0.16532612,0.14184876,-0.13460626,0.10209463,0.19185759,-0.52098346,-0.018810498,1.2063881,0.25948557,-0.046952363,-0.034572564,0.22850336,0.009488764,9.482654e-08
pg105-9,0.0105,0.1835,0.2863,0.0725,0.0267,0.0252,0.0405,0.0667,0.0344,0.0014,0.0124,0.0,0.0055,0.121,0.0719,0.0197,0.1905,0.0476,0.7619,0.6209,0.4922,0.1754,0.26020822,-0.058109388,0.03854151,0.21908897,-0.004442766,0.027302159,0.16532612,0.14184876,-0.13460626,0.10209463,0.19185759,-0.52098346,-0.018810498,1.2063881,0.25948557,-0.046952363,-0.034572564,0.22850336,0.009488764,9.482654e-08
pg105-6,0.0077,0.2269,0.3489,0.0606,0.0271,0.0301,0.0385,0.0713,0.0321,0.0015,0.0123,0.0,0.0036,0.1236,0.1256,0.0149,0.0476,0.2381,0.7143,0.5775,0.4961,0.1754,0.26020822,-0.058109388,0.03854151,0.21908897,-0.004442766,0.027302159,0.16532612,0.14184876,-0.13460626,0.10209463,0.19185759,-0.52098346,-0.018810498,1.2063881,0.25948557,-0.046952363,-0.034572564,0.22850336,0.009488764,9.482654e-08
pg105-7,0.0111,0.20199999999999999,0.2579,0.085,0.0224,0.0248,0.0366,0.0671,0.0381,0.0009,0.0137,0.0,0.0065,0.1183,0.0052,0.0177,0.1905,0.1905,0.619,0.679,0.56,0.1754,0.26020822,-0.058109388,0.03854151,0.21908897,-0.004442766,0.027302159,0.16532612,0.14184876,-0.13460626,0.10209463,0.19185759,-0.52098346,-0.018810498,1.2063881,0.25948557,-0.046952363,-0.034572564,0.22850336,0.009488764,9.482654e-08
pg105-10,0.0091,0.18100000000000002,0.2047,0.0804,0.0273,0.0259,0.0418,0.069,0.0343,0.0007,0.0117,0.0,0.004,0.1232,0.0701,0.0147,0.0952,0.2857,0.619,0.6244,0.5845,0.1754,0.26020822,-0.058109388,0.03854151,0.21908897,-0.004442766,0.027302159,0.16532612,0.14184876,-0.13460626,0.10209463,0.19185759,-0.52098346,-0.018810498,1.2063881,0.25948557,-0.046952363,-0.034572564,0.22850336,0.009488764,9.482654e-08
